<?xml version='1.0' encoding='utf-8' standalone='yes' ?>
<map>
    <boolean name="block_emulator" value="true" />
    <boolean name="detect_frida_xposed" value="true" />
    <boolean name="block_vpn" value="false" />
    <boolean name="detect_packet_apps" value="true" />
    <boolean name="detect_root" value="true" />
    <boolean name="block_clone" value="false" />
    <boolean name="detect_adb" value="true" />
    <boolean name="block_debug" value="false" />
    <boolean name="detect_mock_location" value="false" />
    <boolean name="detect_vpn" value="false" />
    <boolean name="detect_user_ca" value="true" />
    <boolean name="block_root" value="true" />
    <boolean name="detect_proxy" value="true" />
    <boolean name="detect_emulator" value="true" />
</map>
