<?xml version='1.0' encoding='utf-8' standalone='yes' ?>
<map>
    <string name="prev_event_name">af_deeplink_received</string>
    <long name="prev_event_timestamp" value="1756431839599" />
    <int name="appsFlyerInAppEventCount" value="5" />
    <long name="prev_session_dur" value="4" />
    <boolean name="ddl_sent" value="true" />
    <long name="af_rc_max_age" value="86400" />
    <string name="sentSuccessfully">true</string>
    <int name="versionCode" value="50103" />
    <string name="af_remote_config">eyJmZWF0dXJlcyI6e30sInZlciI6ImRlZmF1bHQudjEuMTYzNzE0OTUyOSJ9</string>
    <string name="savedProperties">{&quot;uid&quot;:&quot;1756431810154-4755710411467085107&quot;,&quot;waitForCustomerId&quot;:&quot;false&quot;,&quot;logLevel&quot;:&quot;0&quot;,&quot;AppUserId&quot;:&quot;102721672&quot;}</string>
    <string name="AF_INSTALLATION">1756431810154-4755710411467085107</string>
    <boolean name="afUninstallToken_queued" value="false" />
    <int name="appsFlyerCount" value="3" />
    <long name="AppsFlyerTimePassedSincePrevLaunch" value="1756431835209" />
    <boolean name="newGPReferrerSent" value="true" />
    <long name="af_rc_timestamp" value="1756431810503" />
    <string name="first_launch">{&quot;net&quot;:839,&quot;from_fg&quot;:406,&quot;start_with&quot;:&quot;application&quot;,&quot;init_to_fg&quot;:61}</string>
    <string name="appsFlyerFirstInstall"></string>
    <string name="attributionId">{&quot;install_time&quot;:&quot;2025-08-29 01:43:33.216&quot;,&quot;af_message&quot;:&quot;organic install&quot;,&quot;af_status&quot;:&quot;Organic&quot;,&quot;is_first_launch&quot;:false}</string>
</map>
