<?xml version='1.0' encoding='utf-8' standalone='yes' ?>
<map>
    <string name="prev_event_name">login_page_viewed</string>
    <long name="prev_event_timestamp" value="1758113115738" />
    <int name="appsFlyerInAppEventCount" value="2" />
    <long name="prev_session_dur" value="32" />
    <boolean name="ddl_sent" value="true" />
    <long name="af_rc_max_age" value="86400" />
    <string name="sentSuccessfully">true</string>
    <string name="af_remote_config">eyJmZWF0dXJlcyI6e30sInZlciI6ImRlZmF1bHQudjEuMTYzNzE0OTUyOSJ9</string>
    <int name="versionCode" value="50106" />
    <string name="savedProperties">{&quot;uid&quot;:&quot;1758113098667-9060092579189570686&quot;,&quot;logLevel&quot;:&quot;0&quot;}</string>
    <string name="AF_INSTALLATION">1758113098667-9060092579189570686</string>
    <boolean name="afUninstallToken_queued" value="false" />
    <int name="appsFlyerCount" value="5" />
    <long name="af_rc_timestamp" value="1758113099109" />
    <long name="AppsFlyerTimePassedSincePrevLaunch" value="1758113152660" />
    <boolean name="newGPReferrerSent" value="true" />
    <string name="appsFlyerFirstInstall">2025-09-17_181459+0530</string>
    <string name="attributionId">{&quot;install_time&quot;:&quot;2025-09-17 12:45:06.568&quot;,&quot;af_message&quot;:&quot;organic install&quot;,&quot;af_status&quot;:&quot;Organic&quot;,&quot;is_first_launch&quot;:false}</string>
</map>
