<?xml version='1.0' encoding='utf-8' standalone='yes' ?>
<map>
    <long name="sites_visited_weekly_time" value="1765713495558" />
    <string name="origins_visited_date">12/15/25</string>
    <set name="related_sites_visited_weekly_set" />
    <set name="sites_visited_weekly_set">
        <string>1512035775</string>
        <string>192373147</string>
        <string>1911260545</string>
        <string>632922456</string>
    </set>
    <set name="origins_visited_set">
        <string>3105367270</string>
    </set>
</map>
