<?xml version='1.0' encoding='utf-8' standalone='yes' ?>
<map>
    <boolean name="bg_startup_tracing" value="false" />
    <long name="com.facebook.appevents.SessionInfo.sessionStartTime" value="1755525304521" />
    <long name="com.facebook.appevents.SessionInfo.sessionEndTime" value="1755525305725" />
    <string name="com.facebook.appevents.UserDataStore.internalUserData"></string>
    <int name="com.facebook.appevents.SessionInfo.interruptionCount" value="0" />
    <int name="com.encdata.missl.classes.originalInstallVersionCode" value="50005" />
    <long name="com.encdata.missl.classes.cloneTimestamp" value="1755448560643" />
    <string name="com.facebook.appevents.SessionInfo.sessionId">a8a33481-bb9d-4367-ba52-33ba4e631ef0</string>
</map>
