<?xml version='1.0' encoding='utf-8' standalone='yes' ?>
<map>
    <boolean name="measurement_enabled_from_api" value="true" />
    <boolean name="deep_link_retrieval_complete" value="true" />
    <long name="first_open_time" value="1758113097483" />
    <string name="gmp_app_id">1:850220037081:android:2a58ca28d6a3d34b</string>
    <string name="app_instance_id">4355efb9b3f70d25a177bd75056306c8</string>
    <long name="deep_link_retrieval_attempts" value="1" />
    <long name="session_id" value="1758113097" />
    <boolean name="app_backgrounded" value="true" />
    <long name="health_monitor:start" value="1758113097662" />
    <boolean name="use_service" value="true" />
    <boolean name="deferred_analytics_collection" value="false" />
    <string name="previous_os_version">12</string>
    <boolean name="measurement_enabled" value="true" />
    <boolean name="has_been_opened" value="true" />
    <boolean name="allow_remote_dynamite" value="true" />
    <long name="last_pause_time" value="1758113165601" />
    <boolean name="start_new_session" value="false" />
</map>
