<?xml version='1.0' encoding='utf-8' standalone='yes' ?>
<map>
    <long name="com.facebook.appevents.SessionInfo.sessionStartTime" value="1755144506781" />
    <long name="com.facebook.appevents.SessionInfo.sessionEndTime" value="1755144519447" />
    <boolean name="bg_startup_tracing" value="false" />
    <string name="com.facebook.appevents.UserDataStore.internalUserData">{&quot;r2&quot;:&quot;3b5742f1eeea0c97faff9646ce2fc077fab3470d4b4827b7dc8b116dbb5f164f&quot;}</string>
    <int name="com.facebook.appevents.SessionInfo.interruptionCount" value="2" />
    <string name="com.facebook.appevents.SessionInfo.sessionId">332d896a-6b36-413c-9af4-10c0165670e9</string>
</map>
