<?xml version='1.0' encoding='utf-8' standalone='yes' ?>
<map>
    <long name="com.facebook.appevents.SessionInfo.sessionStartTime" value="1755448265876" />
    <long name="com.facebook.appevents.SessionInfo.sessionEndTime" value="1755448296937" />
    <string name="com.facebook.appevents.UserDataStore.internalUserData">{&quot;r2&quot;:&quot;caa41024a597c70d92233eee59b41a1e4dde3f48179b3d6a272ebd608bf3dd58&quot;}</string>
    <int name="com.facebook.appevents.SessionInfo.interruptionCount" value="1" />
    <int name="com.encdata.missl.classes.originalInstallVersionCode" value="50005" />
    <long name="com.encdata.missl.classes.cloneTimestamp" value="1755447804565" />
    <string name="com.facebook.appevents.SessionInfo.sessionId">12da33bf-3ed1-4059-aeef-53159df5a0d1</string>
</map>
