<?xml version='1.0' encoding='utf-8' standalone='yes' ?>
<map>
    <long name="com.facebook.appevents.SessionInfo.sessionStartTime" value="1756621543892" />
    <long name="com.facebook.appevents.SessionInfo.sessionEndTime" value="1756621548710" />
    <boolean name="bg_startup_tracing" value="false" />
    <string name="com.facebook.appevents.UserDataStore.internalUserData">{&quot;r2&quot;:&quot;c68f584d41dde54b8560348e68d2fb65c662b90b6819ccd040bca9d3646ebc87&quot;}</string>
    <int name="com.facebook.appevents.SessionInfo.interruptionCount" value="0" />
    <string name="com.facebook.appevents.SessionInfo.sessionId">468046d0-2fdf-4769-a98f-8cc5b59bdc27</string>
</map>
