<?xml version='1.0' encoding='utf-8' standalone='yes' ?>
<map>
    <boolean name="measurement_enabled_from_api" value="true" />
    <long name="first_open_time" value="1756431809930" />
    <string name="gmp_app_id">1:850220037081:android:2a58ca28d6a3d34b</string>
    <boolean name="measurement_enabled" value="true" />
    <string name="app_instance_id">813e9093845cf539a2b5012f90783353</string>
    <boolean name="has_been_opened" value="true" />
    <boolean name="app_backgrounded" value="true" />
    <boolean name="allow_remote_dynamite" value="true" />
    <long name="health_monitor:start" value="1756621542508" />
    <boolean name="use_service" value="true" />
    <boolean name="start_new_session" value="true" />
</map>
