<?xml version='1.0' encoding='utf-8' standalone='yes' ?>
<map>
    <long name="fire-count" value="1" />
    <string name="last-used-date">2025-09-17</string>
    <set name="fire-perf/20.4.0 kotlin/2.0.21 device-name/m51nsxx fire-analytics/21.3.0 android-min-sdk/23 fire-fcm/23.2.0 fire-core-ktx/unspecified fire-sessions/1.0.0 device-brand/samsung fire-abt/21.1.1 fire-core/20.3.3 fire-android/31 fire-installations/17.1.3 android-installer/com.google.android.packageinstaller android-target-sdk/28 android-platform/ fire-rc/21.4.1 fire-dl/21.1.0 fire-auth/22.1.0 fire-transport/18.1.8 device-model/m51 fire-cls/18.4.0">
        <string>2025-09-17</string>
    </set>
    <long name="fire-global" value="1758113146583" />
</map>
