<?xml version='1.0' encoding='utf-8' standalone='yes' ?>
<map>
    <set name="fire-perf/20.4.0 kotlin/2.0.21 device-name/7e2a29412d81ed15 fire-analytics/21.3.0 android-min-sdk/23 fire-core-ktx/unspecified fire-fcm/23.2.0 fire-sessions/1.0.0 fire-abt/21.1.1 fire-android/33 fire-core/20.3.3 android-installer/com.android.vending fire-installations/17.1.3 device-model/E6533 android-platform/ device-brand/Sony fire-rc/21.4.1 fire-auth/22.1.0 fire-dl/21.1.0 fire-transport/18.1.8 android-target-sdk/27 fire-cls/18.4.0">
        <string>2025-08-29</string>
    </set>
    <long name="fire-count" value="2" />
    <string name="last-used-date">2025-08-31</string>
    <long name="fire-global" value="1756621545825" />
</map>
