<?xml version='1.0' encoding='utf-8' standalone='yes' ?>
<map>
    <int name="appVersion" value="50103" />
    <string name="user_session">{&quot;session_id&quot;:&quot;abdf3706-6cde-4e10-a6cc-981dac73c5b3&quot;,&quot;start_time&quot;:&quot;2025-08-31T06:25:43.790Z&quot;,&quot;last_interaction_time&quot;:1756621549419}</string>
    <long name="last_event_sync_time" value="1756621543113" />
    <string name="core_debugger_log_config">{&quot;logLevel&quot;:0,&quot;isLoggingEnabled&quot;:false,&quot;expiryTime&quot;:-1}</string>
    <long name="inapp_last_sync_time" value="1756621544" />
    <set name="sent_activity_list">
        <string>com.vlv.aravali.payments.ui.PaymentActivity</string>
        <string>com.vlv.aravali.premium.PremiumTabParentActivity</string>
        <string>com.vlv.aravali.notes.ui.activities.AddEditNoteActivity</string>
        <string>in.juspay.hypernfc.NfcActivity</string>
        <string>com.vlv.aravali.playerMedia3.ui.PlayerActivity</string>
        <string>com.moengage.pushbase.activities.PushClickDialogTracker</string>
        <string>androidx.compose.ui.tooling.PreviewActivity</string>
        <string>com.vlv.aravali.views.activities.WebViewActivity</string>
        <string>com.vlv.aravali.views.activities.SplashActivity</string>
        <string>com.android.billingclient.api.ProxyBillingActivityV2</string>
        <string>com.vlv.aravali.payments.juspay.ui.JuspayPaymentActivity</string>
        <string>com.google.firebase.auth.internal.RecaptchaActivity</string>
        <string>com.applisto.appcloner.classes.DefaultProvider$DefaultActivity</string>
        <string>com.vlv.aravali.reels.view.ReelsActivity</string>
        <string>com.vlv.aravali.settings.ui.AccountVerificationActivity</string>
        <string>com.google.android.gms.ads.OutOfContextTestingActivity</string>
        <string>com.moengage.inbox.ui.view.InboxActivity</string>
        <string>com.vlv.aravali.signup.ui.activities.SignupActivity</string>
        <string>com.google.android.gms.ads.AdActivity</string>
        <string>androidx.credentials.playservices.HiddenActivity</string>
        <string>easypay.appinvoke.AnalyticsManagerInfoDisplayActivity</string>
        <string>com.vlv.aravali.onboarding.ui.OnboardingActivity</string>
        <string>com.facebook.FacebookActivity</string>
        <string>com.vlv.aravali.livestream.ui.LiveStreamActivity</string>
        <string>com.moe.pushlibrary.activities.MoEActivity</string>
        <string>com.google.firebase.auth.internal.GenericIdpActivity</string>
        <string>com.facebook.CustomTabMainActivity</string>
        <string>com.vlv.aravali.reviewSubmit.activities.ReviewSubmitActivityV2</string>
        <string>com.moengage.sdk.debugger.MoEDebuggerActivity</string>
        <string>com.google.android.play.core.common.PlayCoreDialogWrapperActivity</string>
        <string>com.vlv.aravali.views.activities.ExpandedImageActivity</string>
        <string>com.moengage.hms.pushkit.PushClickTracker</string>
        <string>com.google.android.gms.ads.NotificationHandlerActivity</string>
        <string>com.vlv.aravali.payments.ui.SubsCancellationActivity</string>
        <string>com.google.android.gms.common.api.GoogleApiActivity</string>
        <string>com.vlv.aravali.coins.ui.activities.CoinsPaymentActivity</string>
        <string>com.google.android.gms.auth.api.signin.internal.SignInHubActivity</string>
        <string>com.moengage.cards.ui.CardActivity</string>
        <string>com.moengage.pushbase.internal.activity.PermissionActivity</string>
        <string>com.paytm.pgsdk.PaytmPGActivity</string>
        <string>in.juspay.hypersdk.core.CustomtabResult</string>
        <string>com.canhub.cropper.CropImageActivity</string>
        <string>com.facebook.CustomTabActivity</string>
        <string>com.moengage.pushbase.activities.PushTracker</string>
        <string>com.vlv.aravali.stories.ui.LookBackActivity</string>
        <string>com.android.billingclient.api.ProxyBillingActivity</string>
        <string>com.vlv.aravali.views.activities.BaseUIActivity</string>
        <string>com.paytm.pgsdk.AioMatchUserActivity</string>
        <string>com.vlv.aravali.payments.ui.activity.PauseSubscriptionActivity</string>
        <string>com.vlv.aravali.reels.view.ReelsTrailerActivity</string>
        <string>com.moengage.inapp.internal.activity.MoEInAppActivity</string>
        <string>com.vlv.aravali.payments.ui.activity.PaymentFailedActivity</string>
        <string>com.yellowmessenger.ymchat.YellowBotWebViewActivity</string>
        <string>com.vlv.aravali.master.ui.MasterActivity</string>
        <string>in.juspay.hypersdk.core.CustomtabActivity</string>
    </set>
    <string name="registration_id">eOpzdtxbS12o7CW6uAsKWF:APA91bGUX4f-C5oA7U0COdp9ih0ghoIGipAjyXCUTkK5DAxBaUeZyXZkSFh7UhCDmrEOhptq1JcCzOVDow9T3OieTK1o64N2klapFq5p1GX35ziiIY1smLw</string>
    <long name="last_message_sync" value="1756621544198" />
    <boolean name="pref_installed" value="true" />
    <boolean name="is_device_registered" value="true" />
    <long name="last_config_sync_time" value="1756621543917" />
    <string name="core_moengage_environment">DEFAULT</string>
    <long name="notification_permission_tracked_time" value="1756621543888" />
    <long name="events_batch_number" value="6" />
    <long name="inapp_api_sync_delay" value="900" />
    <long name="inapp_html_assets_delete_time" value="1756621543" />
    <boolean name="has_registered_for_verification" value="false" />
    <long name="in_app_global_delay" value="36000" />
    <string name="APP_UUID">ee0f3fb7-e5e5-4b5d-9036-ff4d51a48503</string>
    <string name="user_attribute_unique_id">102721672</string>
</map>
