{"Fid":"eOpzdtxbS12o7CW6uAsKWF","Status":3,"AuthToken":"eyJhbGciOiJFUzI1NiIsInR5cCI6IkpXVCJ9.eyJhcHBJZCI6IjE6ODUwMjIwMDM3MDgxOmFuZHJvaWQ6MmE1OGNhMjhkNmEzZDM0YiIsImV4cCI6MTc1NzAzNjYxMSwiZmlkIjoiZU9wemR0eGJTMTJvN0NXNnVBc0tXRiIsInByb2plY3ROdW1iZXIiOjg1MDIyMDAzNzA4MX0.AB2LPV8wRQIhAO-wIEUDDY6EOTvQzBqG9v4-aKj_dh5axNDEG5zoU6inAiBPVn3M3BGAkpZqtBkv8f1PxHNI0XoHafCTr_hbcSkeIQ","RefreshToken":"3_AS3qfwIynezXqX_nYVe7_NkVnt1V0KlAlj_RAvn-30VUNo4Nqz5yCCaiESXdTW8pl_-qfJ8C5EavP9XjNtRs_SWj4aORzO0ifaNom030b1quOz4","TokenCreationEpochInSecs":1756431811,"ExpiresInSecs":604800}