{"Fid":"f09-xma_QPy4p0pVsxppau","Status":3,"AuthToken":"eyJhbGciOiJFUzI1NiIsInR5cCI6IkpXVCJ9.eyJhcHBJZCI6IjE6ODUwMjIwMDM3MDgxOmFuZHJvaWQ6MmE1OGNhMjhkNmEzZDM0YiIsImV4cCI6MTc1ODQzNDQ0NiwiZmlkIjoiZjA5LXhtYV9RUHk0cDBwVnN4cHBhdSIsInByb2plY3ROdW1iZXIiOjg1MDIyMDAzNzA4MX0.AB2LPV8wRQIhANNM6AOZw2NMAytvS3mZ56NhfT-5r6vzADJ4yya6K7xZAiAkXbx1GV0hFikSAB-1lr2sbZEoTTOAre7IrlcumTyqNw","RefreshToken":"3_AS3qfwLchV7EmkwiksvuANCB56AwEnMO5i9vDwPaEpsrRwN1HspoR0rV_DD0TcJZaD0a_NjF2r45Qiqqn0TEl02iyBgb0TjGy0TRswxMPxJJIbk","TokenCreationEpochInSecs":1757829646,"ExpiresInSecs":604800}