{"Fid":"ckwCLptRT2mpR2HvJ75aBD","Status":3,"AuthToken":"eyJhbGciOiJFUzI1NiIsInR5cCI6IkpXVCJ9.eyJhcHBJZCI6IjE6ODUwMjIwMDM3MDgxOmFuZHJvaWQ6MmE1OGNhMjhkNmEzZDM0YiIsImV4cCI6MTc1NTc0OTMwNiwiZmlkIjoiY2t3Q0xwdFJUMm1wUjJIdko3NWFCRCIsInByb2plY3ROdW1iZXIiOjg1MDIyMDAzNzA4MX0.AB2LPV8wRAIgOq3eAUZADNnXC3SNc6InJu61JbEjV17lehvp8DvVkMsCICJTHVp1YK3ta9r-eTSU9s4OWGOPp3m_DL0YDITGD3V0","RefreshToken":"3_AS3qfwKse1vn9pMqYIlN7j3T4JeOByvkvEKBToPCIXqnt26781xgk3wiW4WNW3s7OMjqOjqKn5xdqXxC4W3VFibUP_fevsPvKKHhP4alHUfN4KE","TokenCreationEpochInSecs":1755144506,"ExpiresInSecs":604800}