{"Fid":"fRU9C_6cR3SWkc4KMtsuJO","Status":3,"AuthToken":"eyJhbGciOiJFUzI1NiIsInR5cCI6IkpXVCJ9.eyJhcHBJZCI6IjE6ODUwMjIwMDM3MDgxOmFuZHJvaWQ6MmE1OGNhMjhkNmEzZDM0YiIsImV4cCI6MTc1ODcxNzk0NywiZmlkIjoiZlJVOUNfNmNSM1NXa2M0S010c3VKTyIsInByb2plY3ROdW1iZXIiOjg1MDIyMDAzNzA4MX0.AB2LPV8wRAIgHc7HdlniFAPNj1VMPKK4PVPyWbLFmi9fcUgPZKoCAwoCIEN-5cHVj2Xw3BvqZkHNr4tNXS2k0ATK2KKkg1yJtEPp","RefreshToken":"3_AS3qfwIlvCGNxbIymE0iU-vKZ3ZCr5wK6ZkYijJKqd_ixIAiyPMj9YIxrPX8BE9kS77T7D5nuDPe5O_Kziyk44UKZkWpC1CIFeSyVBXVTCBXwSw","TokenCreationEpochInSecs":1758113147,"ExpiresInSecs":604800}