{"Fid":"ftGyVREvQ32YHc3dzHqGbx","Status":3,"AuthToken":"eyJhbGciOiJFUzI1NiIsInR5cCI6IkpXVCJ9.eyJhcHBJZCI6IjE6ODUwMjIwMDM3MDgxOmFuZHJvaWQ6MmE1OGNhMjhkNmEzZDM0YiIsImV4cCI6MTc1NjA1MzA2NywiZmlkIjoiZnRHeVZSRXZRMzJZSGMzZHpIcUdieCIsInByb2plY3ROdW1iZXIiOjg1MDIyMDAzNzA4MX0.AB2LPV8wRQIhANvmM7aerqXzWKOPH3iURUC6P5HqDp9uKuKUBb1xv8NCAiAh2YIVPv2fheOQp-gJe8zNRn7j02CtL4C2O__jocvsMg","RefreshToken":"3_AS3qfwI2YySWqX1VN7rbUqHApcvmUJNQ6O-ZgtP7VA-6o3hhctrM7ZHYmlQcCCXH5JSCynqEYdaoHmZY4LklGkEumrUXoCdDw5bJQe320Gs7_Q","TokenCreationEpochInSecs":1755448267,"ExpiresInSecs":604800}